"age_years","mean","median","sd","min","max"
"0-1 year",0.285140562248996,0,0.82977605820817,0,7
"1-2 years",0.727272727272727,0,1.67332005306815,0,14
"2-3 years",1.55357142857143,1,3.05060138844275,0,20
"3-4 years",2.80434782608696,0.5,5.40213770533847,0,30
"5 years",7.375,3,11.2156284969076,0,50
